id	plat	plon	dlat	dlon
0	7.15717	50.1245	7.3695	50.2456
1	6.91657	51.256	7.1548	51.3624
2	7.27586	50.369	7.698	50.254
3	6.90356	51.369	6.3654	50.1265
4	7.85717	50.1478	6.1486	51.269
5	6.968457	51.397	7.3684	50.785
6	7.2786	50.97845	7.3694	50.6974
7	7.90356	50.6974	7.4126	51.6456
8	6.789	51.36	7.1456	50.265
9	6.796	50.01	6.12547	51.369